{
  "metadata": {
    "args": {
      "configs": [
        [
          8,
          1024
        ],
        [
          4,
          2048
        ],
        [
          16,
          1024
        ],
        [
          8,
          2048
        ]
      ],
      "dtype": "fp16",
      "hidden_dim": 4096,
      "no_compile": false,
      "output_csv": "/kaggle/working/benchmark_results/csv/bench_ce_only.csv",
      "output_json": "/kaggle/working/benchmark_results/json/bench_ce_only.json",
      "repeats": 5,
      "seed": 42,
      "steps": 20,
      "vocab_size": 32768,
      "warmup": 5
    },
    "benchmark": "bench_ce_only",
    "cuda": "12.8",
    "device": {
      "capability": [
        7,
        5
      ],
      "name": "Tesla T4",
      "total_memory_mib": 14912
    },
    "hip": null,
    "platform": "Linux-6.6.122+-x86_64-with-glibc2.35",
    "python": "3.12.12",
    "timestamp_utc": "2026-06-10T04:53:35.955109+00:00",
    "torch": "2.10.0+cu128"
  },
  "rows": [
    {
      "batch": 8,
      "bt": 8192,
      "config": "8x1024",
      "cv_pct": 3.585143815323238,
      "dtype": "fp16",
      "hidden_dim": 4096,
      "latency_ms": 641.6782760620117,
      "latency_ms_max": 684.2593383789062,
      "latency_ms_min": 602.1181640625,
      "latency_ms_p50": 637.0538330078125,
      "latency_ms_p95": 679.3129608154297,
      "latency_ms_std": 23.005089028509985,
      "loss_compile": true,
      "method": "PyTorch CE(student+teacher)",
      "peak_vram_mib": 1744.3134765625,
      "repeats": 5,
      "seq": 1024,
      "status": "ok",
      "steps": 20,
      "vocab_size": 32768,
      "warmup": 5
    },
    {
      "batch": 8,
      "bt": 8192,
      "config": "8x1024",
      "cv_pct": 1.1731274648550984,
      "dtype": "fp16",
      "hidden_dim": 4096,
      "latency_ms": 599.0318214416504,
      "latency_ms_max": 609.095703125,
      "latency_ms_min": 584.0677490234375,
      "latency_ms_p50": 599.0265197753906,
      "latency_ms_p95": 608.0118194580078,
      "latency_ms_std": 7.027406820553755,
      "loss_compile": true,
      "method": "Orda fused CE",
      "peak_vram_mib": 1168.31640625,
      "repeats": 5,
      "seq": 1024,
      "status": "ok",
      "steps": 20,
      "vocab_size": 32768,
      "warmup": 5
    },
    {
      "batch": 4,
      "bt": 8192,
      "config": "4x2048",
      "cv_pct": 1.0688757600497185,
      "dtype": "fp16",
      "hidden_dim": 4096,
      "latency_ms": 637.9802963256836,
      "latency_ms_max": 656.5819091796875,
      "latency_ms_min": 622.5653686523438,
      "latency_ms_p50": 638.2798156738281,
      "latency_ms_p95": 648.7034759521484,
      "latency_ms_std": 6.819216741318598,
      "loss_compile": true,
      "method": "PyTorch CE(student+teacher)",
      "peak_vram_mib": 1744.3134765625,
      "repeats": 5,
      "seq": 2048,
      "status": "ok",
      "steps": 20,
      "vocab_size": 32768,
      "warmup": 5
    },
    {
      "batch": 4,
      "bt": 8192,
      "config": "4x2048",
      "cv_pct": 0.2594026693255175,
      "dtype": "fp16",
      "hidden_dim": 4096,
      "latency_ms": 598.8911041259765,
      "latency_ms_max": 603.3027954101562,
      "latency_ms_min": 594.8508911132812,
      "latency_ms_p50": 598.8885192871094,
      "latency_ms_p95": 601.3296661376953,
      "latency_ms_std": 1.5535395104558474,
      "loss_compile": true,
      "method": "Orda fused CE",
      "peak_vram_mib": 1168.31640625,
      "repeats": 5,
      "seq": 2048,
      "status": "ok",
      "steps": 20,
      "vocab_size": 32768,
      "warmup": 5
    },
    {
      "batch": 16,
      "bt": 16384,
      "config": "16x1024",
      "cv_pct": 0.8727990910394818,
      "dtype": "fp16",
      "hidden_dim": 4096,
      "latency_ms": 1353.4977615356445,
      "latency_ms_max": 1391.974365234375,
      "latency_ms_min": 1331.3172607421875,
      "latency_ms_p50": 1354.28466796875,
      "latency_ms_p95": 1373.4294738769531,
      "latency_ms_std": 11.813316159922838,
      "loss_compile": true,
      "method": "PyTorch CE(student+teacher)",
      "peak_vram_mib": 2960.3759765625,
      "repeats": 5,
      "seq": 1024,
      "status": "ok",
      "steps": 20,
      "vocab_size": 32768,
      "warmup": 5
    },
    {
      "batch": 16,
      "bt": 16384,
      "config": "16x1024",
      "cv_pct": 0.14179584672077314,
      "dtype": "fp16",
      "hidden_dim": 4096,
      "latency_ms": 1193.7381423950196,
      "latency_ms_max": 1199.180908203125,
      "latency_ms_min": 1189.8599853515625,
      "latency_ms_p50": 1193.7476196289062,
      "latency_ms_p95": 1196.2910217285155,
      "latency_ms_std": 1.6926711066378468,
      "loss_compile": true,
      "method": "Orda fused CE",
      "peak_vram_mib": 1552.37890625,
      "repeats": 5,
      "seq": 1024,
      "status": "ok",
      "steps": 20,
      "vocab_size": 32768,
      "warmup": 5
    },
    {
      "batch": 8,
      "bt": 16384,
      "config": "8x2048",
      "cv_pct": 0.8878086238309206,
      "dtype": "fp16",
      "hidden_dim": 4096,
      "latency_ms": 1353.92022857666,
      "latency_ms_max": 1383.846923828125,
      "latency_ms_min": 1322.81103515625,
      "latency_ms_p50": 1353.5467529296875,
      "latency_ms_p95": 1375.5705993652343,
      "latency_ms_std": 12.0202205490949,
      "loss_compile": true,
      "method": "PyTorch CE(student+teacher)",
      "peak_vram_mib": 2960.3759765625,
      "repeats": 5,
      "seq": 2048,
      "status": "ok",
      "steps": 20,
      "vocab_size": 32768,
      "warmup": 5
    },
    {
      "batch": 8,
      "bt": 16384,
      "config": "8x2048",
      "cv_pct": 0.5190593727586504,
      "dtype": "fp16",
      "hidden_dim": 4096,
      "latency_ms": 1191.1255050659179,
      "latency_ms_max": 1209.48193359375,
      "latency_ms_min": 1183.274169921875,
      "latency_ms_p50": 1189.3427124023438,
      "latency_ms_p95": 1202.5550720214844,
      "latency_ms_std": 6.18264857536346,
      "loss_compile": true,
      "method": "Orda fused CE",
      "peak_vram_mib": 1552.37890625,
      "repeats": 5,
      "seq": 2048,
      "status": "ok",
      "steps": 20,
      "vocab_size": 32768,
      "warmup": 5
    }
  ]
}