{
  "metadata": {
    "args": {
      "configs": [
        [
          32,
          256
        ],
        [
          16,
          512
        ],
        [
          8,
          1024
        ]
      ],
      "hidden_dim": 1024,
      "kl_temperature": 1.5,
      "kl_weight": 0.4,
      "lambda_student": 1.0,
      "output_csv": "/kaggle/working/benchmark_results/csv/bench_kl_accuracy.csv",
      "output_json": "/kaggle/working/benchmark_results/json/bench_kl_accuracy.json",
      "sample_frac": 0.25,
      "seed": 42,
      "vocab_size": 32768
    },
    "benchmark": "bench_kl_accuracy",
    "cuda": "12.8",
    "device": {
      "capability": [
        7,
        5
      ],
      "name": "Tesla T4",
      "total_memory_mib": 14912
    },
    "hip": null,
    "platform": "Linux-6.6.122+-x86_64-with-glibc2.35",
    "python": "3.12.12",
    "timestamp_utc": "2026-06-10T05:10:23.465886+00:00",
    "torch": "2.10.0+cu128"
  },
  "rows": [
    {
      "batch": 32,
      "bt": 8192,
      "config": "32x256",
      "grad_cosine": 1.0,
      "hidden_dim": 1024,
      "kl_loss": 197.89044189453125,
      "kl_rel_err_pct": 0.0,
      "latency_ms": null,
      "max_abs_diff": 0.0,
      "mean_abs_diff": 0.0,
      "method": "fp32_full",
      "peak_vram_mib": null,
      "ref_kl_loss": 197.89044189453125,
      "seq": 256,
      "status": "ok",
      "total_loss": 345.16265869140625,
      "vocab_size": 32768
    },
    {
      "batch": 32,
      "bt": 8192,
      "config": "32x256",
      "grad_cosine": 0.9999889135360718,
      "hidden_dim": 1024,
      "kl_loss": 197.89222717285156,
      "kl_rel_err_pct": 0.0009021549010760164,
      "latency_ms": null,
      "max_abs_diff": 2.792658779071644e-05,
      "mean_abs_diff": 5.485345582201262e-07,
      "method": "fp16_full",
      "peak_vram_mib": null,
      "ref_kl_loss": 197.89044189453125,
      "sample_frac": null,
      "seq": 256,
      "status": "ok",
      "total_loss": 345.16241455078125,
      "vocab_size": 32768
    },
    {
      "batch": 32,
      "bt": 8192,
      "config": "32x256",
      "grad_cosine": 0.9999902248382568,
      "hidden_dim": 1024,
      "kl_loss": 197.89195251464844,
      "kl_rel_err_pct": 0.0007633618393720138,
      "latency_ms": null,
      "max_abs_diff": 2.70372984232381e-05,
      "mean_abs_diff": 4.878265826846473e-07,
      "method": "fp16_f32_row_sum",
      "peak_vram_mib": null,
      "ref_kl_loss": 197.89044189453125,
      "sample_frac": null,
      "seq": 256,
      "status": "ok",
      "total_loss": 345.16229248046875,
      "vocab_size": 32768
    },
    {
      "batch": 32,
      "bt": 8192,
      "config": "32x256",
      "grad_cosine": 0.8144234418869019,
      "hidden_dim": 1024,
      "kl_loss": 198.3653564453125,
      "kl_rel_err_pct": 0.23998862513752078,
      "latency_ms": null,
      "max_abs_diff": 0.0014465173007920384,
      "mean_abs_diff": 0.0001118409272748977,
      "method": "sample_25",
      "peak_vram_mib": null,
      "ref_kl_loss": 197.89044189453125,
      "sample_frac": 0.25,
      "seq": 256,
      "status": "ok",
      "total_loss": 345.3516845703125,
      "vocab_size": 32768
    },
    {
      "batch": 32,
      "bt": 8192,
      "config": "32x256",
      "grad_cosine": 0.9999901056289673,
      "hidden_dim": 1024,
      "kl_loss": 197.89193725585938,
      "kl_rel_err_pct": 0.0007556511137217915,
      "latency_ms": null,
      "max_abs_diff": 2.70372984232381e-05,
      "mean_abs_diff": 4.914085707241611e-07,
      "method": "triton",
      "peak_vram_mib": null,
      "ref_kl_loss": 197.89044189453125,
      "sample_frac": null,
      "seq": 256,
      "status": "ok",
      "total_loss": 345.1623229980469,
      "vocab_size": 32768
    },
    {
      "batch": 16,
      "bt": 8192,
      "config": "16x512",
      "grad_cosine": 1.0,
      "hidden_dim": 1024,
      "kl_loss": 197.89044189453125,
      "kl_rel_err_pct": 0.0,
      "latency_ms": null,
      "max_abs_diff": 0.0,
      "mean_abs_diff": 0.0,
      "method": "fp32_full",
      "peak_vram_mib": null,
      "ref_kl_loss": 197.89044189453125,
      "seq": 512,
      "status": "ok",
      "total_loss": 345.16265869140625,
      "vocab_size": 32768
    },
    {
      "batch": 16,
      "bt": 8192,
      "config": "16x512",
      "grad_cosine": 0.9999889135360718,
      "hidden_dim": 1024,
      "kl_loss": 197.89222717285156,
      "kl_rel_err_pct": 0.0009021549010760164,
      "latency_ms": null,
      "max_abs_diff": 2.792658779071644e-05,
      "mean_abs_diff": 5.485345582201262e-07,
      "method": "fp16_full",
      "peak_vram_mib": null,
      "ref_kl_loss": 197.89044189453125,
      "sample_frac": null,
      "seq": 512,
      "status": "ok",
      "total_loss": 345.16241455078125,
      "vocab_size": 32768
    },
    {
      "batch": 16,
      "bt": 8192,
      "config": "16x512",
      "grad_cosine": 0.9999902248382568,
      "hidden_dim": 1024,
      "kl_loss": 197.89195251464844,
      "kl_rel_err_pct": 0.0007633618393720138,
      "latency_ms": null,
      "max_abs_diff": 2.70372984232381e-05,
      "mean_abs_diff": 4.878265826846473e-07,
      "method": "fp16_f32_row_sum",
      "peak_vram_mib": null,
      "ref_kl_loss": 197.89044189453125,
      "sample_frac": null,
      "seq": 512,
      "status": "ok",
      "total_loss": 345.16229248046875,
      "vocab_size": 32768
    },
    {
      "batch": 16,
      "bt": 8192,
      "config": "16x512",
      "grad_cosine": 0.8144234418869019,
      "hidden_dim": 1024,
      "kl_loss": 198.3653564453125,
      "kl_rel_err_pct": 0.23998862513752078,
      "latency_ms": null,
      "max_abs_diff": 0.0014465173007920384,
      "mean_abs_diff": 0.0001118409272748977,
      "method": "sample_25",
      "peak_vram_mib": null,
      "ref_kl_loss": 197.89044189453125,
      "sample_frac": 0.25,
      "seq": 512,
      "status": "ok",
      "total_loss": 345.3516845703125,
      "vocab_size": 32768
    },
    {
      "batch": 16,
      "bt": 8192,
      "config": "16x512",
      "grad_cosine": 0.9999901056289673,
      "hidden_dim": 1024,
      "kl_loss": 197.89193725585938,
      "kl_rel_err_pct": 0.0007556511137217915,
      "latency_ms": null,
      "max_abs_diff": 2.70372984232381e-05,
      "mean_abs_diff": 4.914085707241611e-07,
      "method": "triton",
      "peak_vram_mib": null,
      "ref_kl_loss": 197.89044189453125,
      "sample_frac": null,
      "seq": 512,
      "status": "ok",
      "total_loss": 345.1623229980469,
      "vocab_size": 32768
    },
    {
      "batch": 8,
      "bt": 8192,
      "config": "8x1024",
      "grad_cosine": 1.0,
      "hidden_dim": 1024,
      "kl_loss": 197.89044189453125,
      "kl_rel_err_pct": 0.0,
      "latency_ms": null,
      "max_abs_diff": 0.0,
      "mean_abs_diff": 0.0,
      "method": "fp32_full",
      "peak_vram_mib": null,
      "ref_kl_loss": 197.89044189453125,
      "seq": 1024,
      "status": "ok",
      "total_loss": 345.16265869140625,
      "vocab_size": 32768
    },
    {
      "batch": 8,
      "bt": 8192,
      "config": "8x1024",
      "grad_cosine": 0.9999889135360718,
      "hidden_dim": 1024,
      "kl_loss": 197.89222717285156,
      "kl_rel_err_pct": 0.0009021549010760164,
      "latency_ms": null,
      "max_abs_diff": 2.792658779071644e-05,
      "mean_abs_diff": 5.485345582201262e-07,
      "method": "fp16_full",
      "peak_vram_mib": null,
      "ref_kl_loss": 197.89044189453125,
      "sample_frac": null,
      "seq": 1024,
      "status": "ok",
      "total_loss": 345.16241455078125,
      "vocab_size": 32768
    },
    {
      "batch": 8,
      "bt": 8192,
      "config": "8x1024",
      "grad_cosine": 0.9999902248382568,
      "hidden_dim": 1024,
      "kl_loss": 197.89195251464844,
      "kl_rel_err_pct": 0.0007633618393720138,
      "latency_ms": null,
      "max_abs_diff": 2.70372984232381e-05,
      "mean_abs_diff": 4.878265826846473e-07,
      "method": "fp16_f32_row_sum",
      "peak_vram_mib": null,