{
  "metadata": {
    "args": {
      "configs": [
        [
          8,
          1024
        ],
        [
          4,
          2048
        ],
        [
          16,
          1024
        ],
        [
          8,
          2048
        ]
      ],
      "dtype": "fp16",
      "hidden_dim": 4096,
      "kl_temperature": 1.5,
      "kl_weight": 0.5,
      "no_compile": false,
      "output_csv": "/kaggle/working/benchmark_results/csv/bench_ce_kl.csv",
      "output_json": "/kaggle/working/benchmark_results/json/bench_ce_kl.json",
      "repeats": 5,
      "seed": 42,
      "steps": 20,
      "vocab_size": 32768,
      "warmup": 5
    },
    "benchmark": "bench_ce_kl",
    "cuda": "12.8",
    "device": {
      "capability": [
        7,
        5
      ],
      "name": "Tesla T4",
      "total_memory_mib": 14912
    },
    "hip": null,
    "platform": "Linux-6.6.122+-x86_64-with-glibc2.35",
    "python": "3.12.12",
    "timestamp_utc": "2026-06-10T05:10:09.458203+00:00",
    "torch": "2.10.0+cu128"
  },
  "rows": [
    {
      "batch": 8,
      "bt": 8192,
      "config": "8x1024",
      "cv_pct": 2.780968948616695,
      "dtype": "fp16",
      "hidden_dim": 4096,
      "kl_temperature": 1.5,
      "kl_weight": 0.5,
      "latency_ms": 663.9905067443848,
      "latency_ms_max": 704.9663696289062,
      "latency_ms_min": 632.7767333984375,
      "latency_ms_p50": 660.5243835449219,
      "latency_ms_p95": 695.6882934570312,
      "latency_ms_std": 18.46536981432398,
      "loss_compile": true,
      "method": "PyTorch CE+KL separate",
      "peak_vram_mib": 1936.5703125,
      "repeats": 5,
      "seq": 1024,
      "status": "ok",
      "steps": 20,
      "vocab_size": 32768,
      "warmup": 5
    },
    {
      "batch": 8,
      "bt": 8192,
      "config": "8x1024",
      "cv_pct": 0.9174564100931,
      "dtype": "fp16",
      "hidden_dim": 4096,
      "kl_temperature": 1.5,
      "kl_weight": 0.5,
      "latency_ms": 620.1519004821778,
      "latency_ms_max": 629.50830078125,
      "latency_ms_min": 609.1714477539062,
      "latency_ms_p50": 620.3405456542969,
      "latency_ms_p95": 628.2306732177734,
      "latency_ms_std": 5.689623363287922,
      "loss_compile": true,
      "method": "Orda fused CE+KL",
      "peak_vram_mib": 1168.31640625,
      "repeats": 5,
      "seq": 1024,
      "status": "ok",
      "steps": 20,
      "vocab_size": 32768,
      "warmup": 5
    },
    {
      "batch": 4,
      "bt": 8192,
      "config": "4x2048",
      "cv_pct": 0.8135120762171193,
      "dtype": "fp16",
      "hidden_dim": 4096,
      "kl_temperature": 1.5,
      "kl_weight": 0.5,
      "latency_ms": 662.5832427978515,
      "latency_ms_max": 672.5368041992188,
      "latency_ms_min": 649.7239379882812,
      "latency_ms_p50": 663.1039428710938,
      "latency_ms_p95": 669.8396820068359,
      "latency_ms_std": 5.390194695151519,
      "loss_compile": true,
      "method": "PyTorch CE+KL separate",
      "peak_vram_mib": 1936.5703125,
      "repeats": 5,
      "seq": 2048,
      "status": "ok",
      "steps": 20,
      "vocab_size": 32768,
      "warmup": 5
    },
    {
      "batch": 4,
      "bt": 8192,
      "config": "4x2048",
      "cv_pct": 0.20430050376593106,
      "dtype": "fp16",
      "hidden_dim": 4096,
      "kl_temperature": 1.5,
      "kl_weight": 0.5,
      "latency_ms": 621.8345115661621,
      "latency_ms_max": 626.20263671875,
      "latency_ms_min": 619.1697998046875,
      "latency_ms_p50": 621.7841186523438,
      "latency_ms_p95": 624.1669189453124,
      "latency_ms_std": 1.2704110397200858,
      "loss_compile": true,
      "method": "Orda fused CE+KL",
      "peak_vram_mib": 1168.31640625,
      "repeats": 5,
      "seq": 2048,
      "status": "ok",
      "steps": 20,
      "vocab_size": 32768,
      "warmup": 5
    },
    {
      "batch": 16,
      "bt": 16384,
      "config": "16x1024",
      "cv_pct": 0.8566396870195858,
      "dtype": "fp16",
      "hidden_dim": 4096,
      "kl_temperature": 1.5,
      "kl_weight": 0.5,
      "latency_ms": 1404.4569747924804,
      "latency_ms_max": 1429.2109375,
      "latency_ms_min": 1376.706787109375,
      "latency_ms_p50": 1405.532958984375,
      "latency_ms_p95": 1420.9328552246093,
      "latency_ms_std": 12.031135833187049,
      "loss_compile": true,
      "method": "PyTorch CE+KL separate",
      "peak_vram_mib": 3600.89208984375,
      "repeats": 5,
      "seq": 1024,
      "status": "ok",
      "steps": 20,
      "vocab_size": 32768,
      "warmup": 5
    },
    {
      "batch": 16,
      "bt": 16384,
      "config": "16x1024",
      "cv_pct": 0.13585746745799104,
      "dtype": "fp16",
      "hidden_dim": 4096,
      "kl_temperature": 1.5,
      "kl_weight": 0.5,
      "latency_ms": 1241.0102767944336,
      "latency_ms_max": 1245.9683837890625,
      "latency_ms_min": 1237.042236328125,
      "latency_ms_p50": 1240.9606323242188,
      "latency_ms_p95": 1243.6340881347658,
      "latency_ms_std": 1.6860051329463224,
      "loss_compile": true,
      "method": "Orda fused CE+KL",
      "peak_vram_mib": 1552.37890625,
      "repeats": 5,
      "seq": 1024,
      "status": "ok",
      "steps": 20,
      "vocab_size": 32768,
      "warmup": 5
    },
    {
      "batch": 8,
      "bt": 16384,
      "config": "8x2048",
      "cv_pct": 0.965360128635584,
      "dtype": "fp16",
      "hidden_dim": 4096,
      "kl_temperature": 1.5,
      "kl_weight": 0.5,
      "latency_ms": 1409.9619140625,
      "latency_ms_max": 1442.299560546875,
      "latency_ms_min": 1376.2763671875,
      "latency_ms_p50": 1410.9093017578125,
      "latency_ms_p95": 1432.9550354003907,
      "latency_ms_std": 13.611210147306492,
      "loss_compile": true,
      "method": "PyTorch CE+KL separate",
      "peak_vram_mib": 3600.89208984375,
      "repeats": 5,
      "seq": 2048,
      "status": "ok",
      "steps": 20,
      "vocab_size": 32768,
      "warmup": 5
    },
    {
      "batch": 8,
      "bt": 16384,
      "config": "8x2048",
      "cv_pct": 0.22272411668004458,
      "dtype": "fp16",
      "hidden_dim": 4096,
      "kl_temperature": 1.5,
      "kl_weight": 0.5,
      "latency_ms": 1240.8507736206054,
      "latency_ms_max": 1249.1484375,
      "latency_ms_min": 1234.7657470703125,
      "latency_ms_p50": 1240.9036254882812,
      "latency_ms_p95": 1245.4903686523437,
      "latency_ms_std": 2.763673924863993,
      "loss_compile": true,
      "method": "Orda fused CE+KL",
      "peak_vram_mib": 1552.37890625,
      "repeats": 5,
      "seq": 2048,
      "status": "ok",
      "steps": 20,
      "vocab_size": 32768,
      "warmup": 5
    }
  ]
}