{
  "metadata": {
    "args": {
      "configs": [
        [
          4,
          2048
        ],
        [
          8,
          2048
        ]
      ],
      "dtype": "fp16",
      "hidden_dim": 4096,
      "kl_temperature": 1.5,
      "kl_weight": 0.5,
      "no_compile": false,
      "output_csv": "/kaggle/working/benchmark_results/csv/bench_memory_bandwidth.csv",
      "output_json": "/kaggle/working/benchmark_results/json/bench_memory_bandwidth.json",
      "repeats": 5,
      "seed": 42,
      "steps": 20,
      "verify": true,
      "vocab_size": 32768,
      "warmup": 5
    },
    "benchmark": "bench_memory_bandwidth",
    "cuda": "12.8",
    "device": {
      "capability": [
        7,
        5
      ],
      "name": "Tesla T4",
      "total_memory_mib": 14912
    },
    "hip": null,
    "platform": "Linux-6.6.122+-x86_64-with-glibc2.35",
    "python": "3.12.12",
    "timestamp_utc": "2026-06-10T07:14:31.232658+00:00",
    "torch": "2.10.0+cu128"
  },
  "rows": [
    {
      "batch": 4,
      "bt": 8192,
      "config": "4x2048",
      "cv_pct": 2.843523601579189,
      "dtype": "fp16",
      "estimated_gib_per_s": 10.777382116905263,
      "hidden_dim": 4096,
      "latency_ms": 672.7107711791992,
      "latency_ms_max": 714.0418701171875,
      "latency_ms_min": 647.2376708984375,
      "latency_ms_p50": 667.3756103515625,
      "latency_ms_p95": 707.7526031494141,
      "latency_ms_std": 19.128689548845905,
      "loss_compile": true,
      "method": "pytorch_ce_kl",
      "peak_vram_mib": 1936.5703125,
      "repeats": 5,
      "seq": 2048,
      "status": "ok",
      "steps": 20,
      "traffic_gib": 7.25006103515625,
      "verified": true,
      "vocab_size": 32768,
      "warmup": 5
    },
    {
      "batch": 4,
      "bt": 8192,
      "config": "4x2048",
      "cv_pct": 0.892482459824414,
      "dtype": "fp16",
      "estimated_gib_per_s": 4.571529296134054,
      "hidden_dim": 4096,
      "latency_ms": 601.5625968933106,
      "latency_ms_max": 612.4278564453125,
      "latency_ms_min": 592.9185791015625,
      "latency_ms_p50": 601.4418334960938,
      "latency_ms_p95": 610.7765228271484,
      "latency_ms_std": 5.368840662137042,
      "loss_compile": true,
      "method": "orda_ce",
      "peak_vram_mib": 1168.31640625,
      "repeats": 5,
      "seq": 2048,
      "status": "ok",
      "steps": 20,
      "traffic_gib": 2.75006103515625,
      "verified": true,
      "vocab_size": 32768,
      "warmup": 5
    },
    {
      "batch": 4,
      "bt": 8192,
      "config": "4x2048",
      "cv_pct": 0.5609511245631059,
      "dtype": "fp16",
      "estimated_gib_per_s": 5.24627478799935,
      "hidden_dim": 4096,
      "latency_ms": 619.4988189697266,
      "latency_ms_max": 625.3527221679688,
      "latency_ms_min": 609.490966796875,
      "latency_ms_p50": 619.5345458984375,
      "latency_ms_p95": 624.0329193115234,
      "latency_ms_std": 3.4750855916658407,
      "loss_compile": true,
      "method": "orda_ce_kl",
      "peak_vram_mib": 1168.31640625,
      "repeats": 5,
      "seq": 2048,
      "status": "ok",
      "steps": 20,
      "traffic_gib": 3.25006103515625,
      "verified": true,
      "vocab_size": 32768,
      "warmup": 5
    },
    {
      "batch": 8,
      "bt": 16384,
      "config": "8x2048",
      "cv_pct": 0.861267102558501,
      "dtype": "fp16",
      "estimated_gib_per_s": 9.65292747099517,
      "hidden_dim": 4096,
      "latency_ms": 1398.5521087646484,
      "latency_ms_max": 1428.01513671875,
      "latency_ms_min": 1372.8870849609375,
      "latency_ms_p50": 1398.0228271484375,
      "latency_ms_p95": 1419.0885498046875,
      "latency_ms_std": 12.045269224928104,
      "loss_compile": true,
      "method": "pytorch_ce_kl",
      "peak_vram_mib": 3600.89208984375,
      "repeats": 5,
      "seq": 2048,
      "status": "ok",
      "steps": 20,
      "traffic_gib": 13.5001220703125,
      "verified": true,
      "vocab_size": 32768,
      "warmup": 5
    },
    {
      "batch": 8,
      "bt": 16384,
      "config": "8x2048",
      "cv_pct": 0.4982714288884567,
      "dtype": "fp16",
      "estimated_gib_per_s": 4.260430624681779,
      "hidden_dim": 4096,
      "latency_ms": 1173.6189392089843,
      "latency_ms_max": 1187.089111328125,
      "latency_ms_min": 1165.06396484375,
      "latency_ms_p50": 1172.44677734375,
      "latency_ms_p95": 1184.0956970214845,
      "latency_ms_std": 5.847807858102154,
      "loss_compile": true,
      "method": "orda_ce",
      "peak_vram_mib": 1552.37890625,
      "repeats": 5,
      "seq": 2048,
      "status": "ok",
      "steps": 20,
      "traffic_gib": 5.0001220703125,
      "verified": true,
      "vocab_size": 32768,
      "warmup": 5
    },
    {
      "batch": 8,
      "bt": 16384,
      "config": "8x2048",
      "cv_pct": 0.1790217401398507,
      "dtype": "fp16",
      "estimated_gib_per_s": 4.961293097108034,
      "hidden_dim": 4096,
      "latency_ms": 1209.386737060547,
      "latency_ms_max": 1214.6961669921875,
      "latency_ms_min": 1204.1654052734375,
      "latency_ms_p50": 1209.485107421875,
      "latency_ms_p95": 1212.7596008300782,
      "latency_ms_std": 2.1650651817063515,
      "loss_compile": true,
      "method": "orda_ce_kl",
      "peak_vram_mib": 1552.37890625,
      "repeats": 5,
      "seq": 2048,
      "status": "ok",
      "steps": 20,
      "traffic_gib": 6.0001220703125,
      "verified": true,
      "vocab_size": 32768,
      "warmup": 5
    }
  ]
}